subscriber_type,COUNTA de trip_id
,5237
$1 Pay by Trip Fall Special,466
$1 Pay by Trip Winter Special,764
24 Hour Walk Up Pass,272860
24-Hour Membership,1
3-Day Explorer,6016
3-Day Weekender,51778
7-Day,5684
ACL 2019 Pass,207
ACL Weekend Pass Special,319
Aluminum Access,96
Annual,2208
Annual ,639
Annual Member,413
Annual Membership,1307
Annual Membership ,7
Annual Pass,236
Annual Pass (30 minute),2
Annual Pass (Original),27
Annual Plus,172
Annual Plus Membership,26
Denver B-cycle Founder,12
Explorer,120252
Explorer ($8 plus tax),182
Founding Member,6130
FunFunFun Fest 3 Day Pass,27
Heartland Pass (Annual Pay),12
Heartland Pass (Monthly Pay),1
HT Ram Membership,2686
Local30,55777
Local30 ($11 plus tax),820
Local31,162167
Local365,389728
Local365 ($80 plus tax),3886
Local365 Youth (age 13-17 riders),676
Local365 Youth (age 13-17 riders)- 1/2 off Special,3
Local365 Youth with helmet (age 13-17 riders),91
Local365- 1/2 off Anniversary Special,2907
Local365+Guest Pass,14000
Local365+Guest Pass- 1/2 off Anniversary Special,466
Madtown Monthly,63
Membership: pay once  one-year commitment,13
"Membership: pay once, one-year commitment",2
Pay-as-you-ride,82745
Republic Rider,16
Republic Rider (Annual),293
RESTRICTED,1
RideScout Single Ride,4
RideScout Single Tide,109
Semester Membership,3231
Single Trip,5122
Single Trip ,11709
Single Trip (Pay-as-you-ride),35320
Single Trip Ride,3083
Student Membership,430347
Try Before You Buy Special,595
U.T. Student Membership,289108
UT Student Membership,9
Walk Up,260044
Weekender,40500
Weekender ($15 plus tax),550